,name,price,rating
0,SHOPLINE SP-T-113-SPKR1 9 W Bluetooth Speaker,349,3.7
1,Oxhox Flip Essential BASS Stereo With FM 10 W Bluetooth...,649,3.8
2,boAt Stone 350 10 W Bluetooth Speaker,"1,599",4.3
3,F FERONS Wireless rechargeable portable Premium bass Mu...,429,3.9
4,F FERONS Wireless rechargeable portable Premium Dj bass...,429,3.9
5,"Mivi Fort S100 with 2 in-built subwoofers, Made in Indi...","4,999",4.5
6,Mivi Roam2 5 W Bluetooth Speaker,999,4.3
7,U&i Kingdom Series 8W Wireless Speaker with 10 Hours Ba...,449,3.7
8,"Mivi Fort S60 with 2 in-built subwoofers, Made in India...","3,499",4.6
9,boAt Stone Grenade 5 W Portable Bluetooth Speaker,"1,199",4.2
10,DINGLOT MINI WS – 887 Bluetooth Speaker 5 W Bluetooth G...,289,3.8
11,U&i Kingdom Series 8W Wireless Speaker with 10 Hours Ba...,449,3.7
12,Mivi Play 5 W Portable Bluetooth Speaker,799,4.2
13,etmax NANO PLUS 30 W Bluetooth Home Theatre,949,3.8
14,boAt Stone 1000 14 W Portable Bluetooth Speaker,"2,799",4.4
15,U&i Sumo Series with Karaoke mic and 6 hours Battery Ba...,859,4
16,boAt Stone 350 10 W Bluetooth Speaker,"1,599",4.3
17,SONY SA-D40 80 W Bluetooth Home Theatre,"8,935",4.4
18,boAt Aavante Bar 2000 160 W Bluetooth Soundbar,"9,499",4.4
19,Croma Party Speaker 1400 Watts Dynamic Bass Boost CREY3...,"14,990",4.2
20,ZEBRONICS Zeb-Vita Plus 16 W Bluetooth Laptop/Desktop S...,"1,399",4.1
21,ZEBRONICS Zeb-Vita Plus 16 W Bluetooth Laptop/Desktop S...,"1,399",4.1
22,F FERONS 100% Best Quality Super Bass 3D Sound Wireless...,398,4
23,Zeom ®A006 10W (MZ Series) Wireless Bluetooth Portable ...,697,0
24,JBL Flip Essential IPX7 Waterproof 16 W Bluetooth Speak...,"4,999",4.4
25,boAt Stone 350 10 W Bluetooth Speaker,"1,599",4.3
26,PTron Fusion 10W Bluetooth Speaker 10 W Bluetooth Speak...,"1,199",4.3
27,Aroma Studio 1 Pro High Sound Quality With 6 Hours Play...,499,4
28,ZEBRONICS Zeb - Fame 5 watt Laptop/Desktop Speaker,549,4.1
29,boAt Stone 190F 5 W Bluetooth Speaker,"1,199",4.4
30,Mivi Play 5 W Portable Bluetooth Speaker,799,4.2
31,Aroma Studio 1 Pro High Sound Quality With 6 Hours Play...,499,4
32,boAt Stone 190F 5 W Bluetooth Speaker,"1,199",4.4
33,F FERONS Best Quality Super Bass 3D Sound Wireless rech...,398,4
34,ZEBRONICS BT4440 RUCF 60 Watt Bluetooth Home Theatre,"3,099",4.1
35,U&i Kingdom Series 8W Wireless Speaker with 10 Hours Ba...,449,3.7
36,CIHLEX NEW 2021 A005 Dolby sound Bass With Disco Color ...,644,4
37,ZEBRONICS ZEB-FEEL 4 60 W Bluetooth Home Theatre,"2,299",3.9
38,SAMSUNG HW-T42E/XL Dolby Digital 150 W Bluetooth Soundb...,"8,199",4.1
39,INFINITY by Harman Fuze 99 4.5 W Bluetooth Speaker,"1,199",4
40,OBDIR tg-113 Portable Mini Blutooth Speaker Ultra High ...,349,3.9
41,F&D A111X 35 W Bluetooth Laptop/Desktop Speaker,"2,399",4.2
42,ZSIV WS887 Super Bass Splashproof Wireless Bluetooth Sp...,284,4.5
43,Oxhox Flip Essential BASS Stereo With FM 10 W Bluetooth...,649,3.8
44,boAt Party Pal 20 15 W Bluetooth Party Speaker,"2,499",4.3
45,Musify Trending Latest Led Bulb With Bluetooth Speaker ...,399,3.9
46,boAt Stone 650 10 W Bluetooth Speaker,"1,899",4.3
47,U&i Kingdom Series 8W Wireless Speaker with 10 Hours Ba...,449,3.7
48,Mivi Play 5 W Portable Bluetooth Speaker,799,4.2
49,Megaloyalty WS 01 HEAVY SOUND High Bass speaker Branded...,509,3.9
50,ZEBRONICS Zeb Buddy 100 15 W Bluetooth Party Speaker,"1,499",4.3
51,U&i Kingdom Series 8W Wireless Speaker with 10 Hours Ba...,449,3.7
52,boAt Rugby Plus 16 W Bluetooth Speaker,"1,999",4.1
53,I Kall IK- 666 Bluetooth 80 W Bluetooth Home Theatre,"1,994",3.7
54,Mivi Roam2 5 W Bluetooth Speaker,999,4.3
55,U&i Sumo Series with Karaoke mic and 6 hours Battery Ba...,859,4
56,Terabyte KUBIX 2W Speakers 2 W Laptop/Desktop Speaker,323,3.9
57,ZEBRONICS INDIE 105 W Bluetooth Home Theatre,"5,499",4.2
58,F FERONS 100% good Quality WS-887 Mini Bluetooth Speake...,289,3.8
59,U&i Kingdom Series 8W Wireless Speaker with 10 Hours Ba...,449,3.9
60,ZSIV 10W Dj Mini Speaker 3D Bass New Arrival Wireless B...,421,4.2
61,boAt Rugby Plus 16 W Bluetooth Speaker,"1,799",4.1
62,PHILIPS MMS2625B/94 31 W Bluetooth Home Theatre,"3,490",4.2
63,Zeom ®A006 10W (MZ Series) Wireless Bluetooth Portable ...,697,0
64,boAt PartyPal 60 20 W Bluetooth Party Speaker,"4,499",4.3
65,Intex IT-XM BANG SUFB 78 W Bluetooth Home Theatre,"3,599",4.1
66,ZEBRONICS ZEB-WARRIOR 10 W Laptop/Desktop Speaker,799,4.2
67,Aroma Studio 1 Pro High Sound Quality With 6 Hours Play...,499,4
68,Portronics SoundDrum 1 10 W Bluetooth Speaker,"1,289",4.4
69,Mivi Roam2 5 W Bluetooth Speaker,999,4.3
70,Philips BT40 Portable Bluetooth Speaker,"1,099",4.2
71,Aroma Studio 1 Pro High Sound Quality With 6 Hours Play...,499,4
72,Mivi Play 5 W Portable Bluetooth Speaker,799,4.2
73,boAt Stone 650 10 W Bluetooth Speaker,"1,799",4.3
74,WOOS Ws-03 Speaker With Mic Super Bass Bluetooth Wirele...,719,4
75,U&i Kingdom Series 8W Wireless Speaker with 10 Hours Ba...,449,3.7
76,F&D A140X 37 W Bluetooth Home Theatre,"3,099",4.2
77,ZEBRONICS ZEB-Juke Bar 9400 Pro Dolby 525 W Bluetooth S...,"14,999",4.2
78,ZEBRONICS Zeb Vita Pro with TWS 24 W Bluetooth Soundbar,"1,899",4
79,INFINITY by Harman Fuze 99 4.5 W Bluetooth Speaker,"1,199",4
80,PHILIPS MMS8085B/94 Convertible 80 W Bluetooth Home The...,"7,940",4.2
81,ZEBRONICS Juke bar 3500 60 W Bluetooth Soundbar,"3,499",4.3
82,JBL Moviebar 80 Dolby Digital 110 W Bluetooth Soundbar,"9,499",4.1
83,SHOPLINE SP-T-113-SPKR1 9 W Bluetooth Speaker,349,3.7
84,CIHLEX CX-887 Bluetooth Speaker 3D Bass New Arrival Wir...,284,3.8
85,ULTADOR Loudspeakers Wireless Speaker with Hands-free S...,549,4.7
86,JBL GO2 Portable Bluetooth Speaker,"2,479",4.3
87,Oxhox Flip Essential BASS Stereo With FM 10 W Bluetooth...,649,3.8
88,ZEBRONICS Juke bar 4000 80 W Bluetooth Soundbar,"5,799",4.3
89,Portronics SoundDrum 1 10 W Bluetooth Speaker,"1,299",4.4
90,boAt Stone 260 4 W Portable Bluetooth Speaker,"1,399",4.4
91,U&i Kingdom Series 8W Wireless Speaker with 10 Hours Ba...,449,3.7
92,QUANTUM SonoTrix 51 Bluetooth Speaker 5 W Bluetooth Spe...,699,4.8
93,INFINITY by Harman Fuze 99 4.5 W Bluetooth Speaker,"1,199",4
94,boAt Aavante Bar 90 W Bluetooth Soundbar,"5,799",4.3
95,U&i Kingdom Series 8W Wireless Speaker with 10 Hours Ba...,449,3.7
96,boAt Blitz 1500 Multimedia 50 W Bluetooth Home Theatre,"3,299",4
97,SONY SRS-XB13 Bluetooth Speaker,"3,990",4
98,artis S21 5 W Laptop/Desktop Speaker,649,4.3
99,U&i Sumo Series with Karaoke mic and 6 hours Battery Ba...,859,4
100,boAt AAVANTE BAR 1150 60 W Bluetooth Soundbar,"4,299",4.2
101,boAt Aavante Bar 1200 80 W Bluetooth Soundbar,"6,799",4.4
102,U&i Kingdom Series 8W Wireless Speaker with 10 Hours Ba...,449,3.9
103,Croma Party Speaker 1400 Watts Dynamic Bass Boost CREY3...,"14,990",4.2
104,F&D 203G 11 W Portable Laptop/Desktop Speaker,"1,499",4.2
105,PHILIPS SPA5128B/94 40 W Bluetooth Home Theatre,"4,440",4.1
106,F FERONS 100% GOOD QUALITY A005|3D Thumping sound| Spla...,349,4
107,Aroma Studio 1 Pro High Sound Quality With 6 Hours Play...,499,4
108,LG LK72B XBOOM 40 W Bluetooth Home Theatre,"4,299",4.3
109,KRISONS Polo Red 7.1 |Home Theater 7.1|Bluetooth|AUX|FM...,"2,427",4.1
110,ZEBRONICS ZEB-BT4444RUCF 60 W Bluetooth Home Theatre,"2,899",4
111,Zeom ®A006 10W (MZ Series) Wireless Bluetooth Portable ...,697,0
112,kabeer enterprises New ULTRA BASS Splash proof Portable...,399,3.8
113,"Chaebol TG-113 Best Bluetooth Wireless Speaker Outdoor,...",449,4.3
114,"boAt Stone 850 with ASAP Charge, upto 13 Hours Playback...","2,299",3.7
115,Aroma Studio 1 Pro High Sound Quality With 6 Hours Play...,499,4
116,TEQIR WS-02 3D ULTRA SOUND Portable Led Light subwoofer...,525,4.2
117,ZEBRONICS Juke Bar 9000 Pro Dolby 120 W Bluetooth Sound...,"10,299",4.3
118,ZEBRONICS ZEB-BT 6590 RUCF 65 W Bluetooth Home Theatre,"3,399",3.9
119,U&i Kingdom Series 8W Wireless Speaker with 10 Hours Ba...,449,3.7
120,PHILIPS SPA4040B/94 45 W Bluetooth Home Theatre,"5,740",4.1
121,SAMSUNG HW-T42E/XL Dolby Digital 150 W Bluetooth Soundb...,"8,199",4.1
122,Sulfur TROLLY SERIES WIRELESS SPEAKER Ultra DJ Sound Bl...,499,4.1
123,Oxhox Flip Essential BASS Stereo With FM 10 W Bluetooth...,649,3.8
124,"boAt Aavante Bar 1600D with Dolby Digital, Wired Subwoo...","8,999",4.2
125,"boAt Stone 1350 with Upto 5 Hours Playback Time, Passiv...","3,999",3.7
126,LG SJ3 300 W Wireless Dolby Bluetooth Soundbar,"10,499",4.1
127,U&i Kingdom Series 8W Wireless Speaker with 10 Hours Ba...,449,3.7
128,Hoatzin Wireless Music Playing Light Lamp with Remote C...,349,3.9
129,Frontech SW-0081 3 W Laptop/Desktop Speaker,335,4
130,ATSolutions Top Wireless B22 12-Watts LED RGB Bluetooth...,349,4.4
131,U&i Kingdom Series 8W Wireless Speaker with 10 Hours Ba...,449,3.7
132,boAt Stone 190F 5 W Bluetooth Speaker,"1,199",4.4
133,9 CORE New Jumbo High Bass Sound System 9500 W Bluetoot...,"3,740",3.6
134,Oxhox v 5.1 Bluetooth BASS Stereo Sound Drum With FM 10...,399,3.8
135,U&i Sumo Series with Karaoke mic and 6 hours Battery Ba...,859,4
136,SKYPHR with Google & Siri Assistant Smart Speaker,254,4
137,F&D A180X 42 W Portable Bluetooth Home Theatre,"3,299",4.3
138,Highstairs Wireless HiFi Stereo Good Quality Karaoke ZQ...,"1,599",3.8
139,U&i Kingdom Series 8W Wireless Speaker with 10 Hours Ba...,449,3.9
140,ZSIV E-91 Home Theater Long Life Battery Backup Dj Spea...,"1,061",4
141,Elista ELS-TUNE 6 W Laptop/Desktop Speaker,474,4.8
142,F FERONS Wireless rechargeable portable Premium bass Mu...,435,3.9
143,Zeom ®A006 10W (MZ Series) Wireless Bluetooth Portable ...,697,0
144,Eccellente HT115 Bluetooth Home Theatre,"1,847",3.7
145,ZSIV WS 887 Super Bass Splashproof Wireless Bluetooth S...,282,4.4
146,Sulfur Best Buy Ultra DJ Sound Blast Portable Best Blue...,498,3.9
147,SHOPLINE SP-T-113-SPKR4 9 W Bluetooth Speaker,379,3.7
148,F&D F 3800X 80 W Bluetooth Home Theatre,"6,299",4.2
149,XEWISS 10W WS-E-91 21 TV SOUNDBAR ORIGINAL QUALITY TOP ...,989,3.8
150,"QUANTUM SonoTrix 51 Bluetooth Speaker, 5 W Waterproof (...",699,4.4
151,Aroma Studio 1 Pro High Sound Quality With 6 Hours Play...,499,4
152,Classic CESR-25000CL APEX TOWER 1st 500 W Bluetooth Tow...,"3,689",3.8
153,SONY SRS-XB13 Bluetooth Speaker,"3,915",4
154,Megaloyalty WS-04 Amplified Sound Box Mini home theatre...,719,4
155,Croma Party Speaker 1400 Watts Dynamic Bass Boost CREY3...,"14,990",4.2
156,etmax NANO STYLE 30W ET-1515 30 W Bluetooth Home Theatr...,949,3.7
157,I Kall IK401 BT 60 W Bluetooth Home Theatre,"1,899",3.7
158,Ecart JBL MINI BOOST SERIES 1 JBL STEREO SOUND BLUETOOT...,529,3.8
159,Aroma Studio 1 Pro High Sound Quality With 6 Hours Play...,499,4
160,Intex MM Speaker 2.1 CRYSTAL FMUB 45 W Bluetooth Home T...,"2,799",4
161,Portronics Pure Sound 103 100 W Bluetooth Soundbar,"4,799",3.2
162,boAt Aavante Bar 3100D 260 W Bluetooth Soundbar,"13,999",4.2
163,Oxhox Flip Essential BASS Stereo With FM 10 W Bluetooth...,649,3.8
164,boAt Aavante Bar 900 30 W Bluetooth Soundbar,"3,299",3.9
165,Terabyte KUBIX E-02B 1 W Laptop/Desktop Speaker,322,3.8
166,SHOPLINE SP-T-113-SPKR1 9 W Bluetooth Speaker,349,3.7
167,U&i Kingdom Series 8W Wireless Speaker with 10 Hours Ba...,449,3.7
168,saregama Carvaan Mini SCM02/SCM04 3 W Bluetooth Speaker,"2,099",4.3
169,SAMSUNG HW-A67E/XL With Wireless Subwoofer 510 W Blueto...,"24,990",4.3
170,Highstairs DJ Sound Premium Design Stereobass Built-in ...,"1,599",3.8
171,U&i Kingdom Series 8W Wireless Speaker with 10 Hours Ba...,449,3.7
172,MOTOROLA AmphisoundX with HDMI Arc 100 W Bluetooth Soun...,"3,499",4.2
173,I Kall ik44bt 40 W Bluetooth Home Theatre,"1,329",3.8
174,Frontech SW -0039 USB Powered 3 W Laptop/Desktop Speake...,376,4.1
175,U&i Sumo Series with Karaoke mic and 6 hours Battery Ba...,859,4
176,ZEBRONICS Zeb-Juke Bar 7400 Pro 5.1 180 W Bluetooth Sou...,"9,999",4.2
177,boAt Stone Cuboid with upto 5.5 Hours Playback Time 5 W...,"1,099",4
178,saregama Carvaan Hindi Bluetooth speaker 6 W Bluetooth ...,"6,390",4.5
179,Zeom ®A006 10W (MZ Series) Wireless Bluetooth Portable ...,697,0
180,F FERONS Wireless Speaker |3D sound| Splashproof| Deep ...,425,3.9
181,"ZSIV A006 USB Charging, Portable, BASS drum, TF card, F...",699,3.9
182,ZEBRONICS Zeb-Vita Plus 16 W Bluetooth Laptop/Desktop S...,"1,399",4.1
183,U&i Kingdom Series 8W Wireless Speaker with 10 Hours Ba...,449,3.9
184,boAt Rugby 10 W Portable Bluetooth Speaker,"1,399",4.2
185,QUANTUM QHM 690 Portable Laptop/Desktop USB 2.0 Powered...,548,4.1
186,INFINITY by Harman Fuze Pint 2.5 W Bluetooth Speaker,799,4.2
187,Aroma Studio 1 Pro High Sound Quality With 6 Hours Play...,499,4
188,CIHLEX Wireless Speakers rechargeable portable Premium ...,379,4.5
189,MOTOROLA AmphisoundX with HDMI Arc 120 W Bluetooth Home...,"8,999",4.2
190,Clerby Best Quality New Trending Mini Coin Size Stereo ...,399,5
191,Croma Party Speaker 1400 Watts Dynamic Bass Boost CREY3...,"14,990",4.2
192,LOUDSY Best Buy Popularity High-Fidelity Transmission P...,"3,700",0
193,F FERONS 100% Branded 3D sound Portable Splash proof Bl...,349,4.2
194,I Kall IK2222 Bluetooth Home Theatre,"2,374",3.8
195,Aroma Studio 1 Pro High Sound Quality With 6 Hours Play...,499,4
196,F&D F550X 56 W Bluetooth Home Theatre,"4,699",4.3
197,ZEBRONICS ZEB - PEBBLE NEW Laptop/Desktop Speaker,579,4.1
198,SONY HT-S20R Dolby Digital 400 W Bluetooth Soundbar,"17,990",4.4
199,U&i Kingdom Series 8W Wireless Speaker with 10 Hours Ba...,449,3.7
200,realme Pocket Speaker with Bass Radiator 3 W Bluetooth ...,"1,099",4.2
201,Techobucks High quality Wireless Bluetooth Super Bass P...,"1,499",3.7
202,SONY GTK-PG10 With Built-In Battery Bluetooth Party Spe...,"11,990",4.2
203,SHOPLINE SP-T-113-SPKR1 9 W Bluetooth Speaker,349,3.7
204,MOTOROLA AmphisoundX Dolby with HDMI Arc 120 W Bluetoot...,"7,499",4.3
205,Gizmore TWIN 2010 10 W Laptop/Desktop Speaker,529,4
206,ZEBRONICS Zeb-Warrior 4 10 W Laptop/Desktop Speaker,899,4.1
207,Oxhox Flip Essential BASS Stereo With FM 10 W Bluetooth...,649,3.8
208,Target TARGET TT-D237 FM-UM-BT 81 W Bluetooth Home Thea...,"2,299",4.7
209,LOUDSY Best Buy Popularity High-Fidelity Transmission P...,"3,700",0
210,Oxhox FLIP 3D Blast Sound + 10 W IPX7 Waterproof Blueto...,399,3.7
211,U&i Kingdom Series 8W Wireless Speaker with 10 Hours Ba...,449,3.7
212,IMPEX Mesto 5.1 100 W Bluetooth Home Theatre,"5,699",3.9
213,MOTOROLA AmphisoundX Dolby Audio 400 W Bluetooth Soundb...,"11,499",4
214,ZEBRONICS Zeb Vita Pro with TWS 24 W Bluetooth Soundbar,"1,899",4
215,U&i Kingdom Series 8W Wireless Speaker with 10 Hours Ba...,449,3.7
216,boAt Stone 500 with RGB lights 10 W Bluetooth Speaker,"1,799",3.6
217,Soundcore by Anker Motion Plus 30 W Bluetooth Party Spe...,"7,999",4.7
218,QUANTUM QHM630 Portable Laptop/Desktop USB Powered Mult...,519,3.9
219,U&i Sumo Series with Karaoke mic and 6 hours Battery Ba...,859,4
220,F&D A521X 52 W Bluetooth Home Theatre,"4,699",4.3
221,F&D F190X 46 W Bluetooth Laptop/Desktop Speaker,"2,999",4.3
222,JBL by Harman FLIP 5 20 W Bluetooth Speaker,"10,599",4.3
223,Zeom ®A006 10W (MZ Series) Wireless Bluetooth Portable ...,697,0
224,Portronics SoundDrum POR547 10 W Bluetooth Speaker,"1,799",4.4
225,APPLE HomePod Mini with Siri Assistant Smart Speaker,"8,499",4.6
226,F FERONS TOP SELLING LZ-3102 Trolley Wireless Led Disco...,449,3.8
227,Aroma Studio 1 Pro High Sound Quality With 6 Hours Play...,499,4
228,saregama Carvaan Mini SCM02/SCM04 3 W Bluetooth Speaker,"2,099",4.3
229,"Borneo A005 High Power Sound Blast, Mini, Thunder Sound...",499,4.3
230,SAMSUNG HW-A45E/XL With Wireless Subwoofer 300 W Blueto...,"13,490",4.1
231,Aroma Studio 1 Pro High Sound Quality With 6 Hours Play...,499,4
232,boAt Aavante Bar 4000DA With Dolby Atmos 3D 200 W Bluet...,"16,999",4.2
233,JBL Party Box 100 Portable 160 W Bluetooth Party Speake...,"26,999",4.5
234,KRISONS Jazz Bluetooth Home Theatre,"2,080",3.8
235,U&i Kingdom Series 8W Wireless Speaker with 10 Hours Ba...,449,3.7
236,KRISONS Redblast 5.1 Bluetooth Home Theatre,"2,156",3.9
237,ZEBRONICS Zeb-Juke Bar 3850 PRO DOLBY ATMOS 170 W Bluet...,"8,999",4
238,Worricow Heavy Body Mterial X-BASS Wireless Bluetooth P...,"1,499",3.7
239,INFINITY by Harman Fuze 99 4.5 W Bluetooth Speaker,"1,199",4
240,F&D F190X 46 W Bluetooth Laptop/Desktop Speaker,"2,999",4.3
241,Panasonic SC-HT22GW-K 50 W Bluetooth Home Theatre,"4,499",4.2
242,LG X-Boom ON2D with Inbuilt DVD Player Bluetooth Party ...,"10,999",4
243,SHOPLINE SP-T-113-SPKR1 9 W Bluetooth Speaker,349,3.7
244,OBDIR Portable rechargeable multimedia wireless Stereo ...,349,3.9
245,Blaupunkt ATOMIK BB35 50 W Bluetooth Party Speaker,"3,999",4
246,U&i Sumo Series with Karaoke mic and 6 hours Battery Ba...,859,4
247,SHOPLINE SP-T-113-SPKR2 9 W Bluetooth Speaker,379,3.7
248,Highstairs Powerpect sound Wireless Bluetooth Super Bas...,"1,599",4
249,saregama Carvaan Premium 10 W Portable Bluetooth Home A...,"6,990",4.4
250,TEQIR 005 Big Sound Lightweight Speaker Portable Blueto...,449,0
251,Oxhox Flip Essential BASS Stereo With FM 10 W Bluetooth...,649,3.8
252,saregama Carvaan Hindi 6 W Bluetooth Speaker,"5,990",4.5
253,Terabyte E02B 2 W Laptop/Desktop Speaker,319,4.4
254,Yashvi toys Ultra Mini Boost Bluetooth Speaker | Pocket...,429,3.9
255,U&i Kingdom Series 8W Wireless Speaker with 10 Hours Ba...,449,3.7
256,Cubonic mini coin size wireless speaker (1 year warrant...,441,0
257,TEQIR WS-887 Bluetooth Home Theatre Speaker Calling/FM/...,299,0
258,DAGTUL WS-04 Wireless Led Disco LightEasy to Carry WS-0...,664,4
259,U&i Kingdom Series 8W Wireless Speaker with 10 Hours Ba...,449,3.7
260,Mivi Play 5 W Portable Bluetooth Speaker,799,4.2
261,DINGLOT Wireless Portable Speaker with Memory Card Slot...,289,3.8
262,CIHLEX WS-02 Mini Home Theatre HiFi Full Range Woofer L...,462,3.6
263,Zeom ®A006 10W (MZ Series) Wireless Bluetooth Portable ...,697,0
264,WOOS Super deep Bass Ultra DJ Sound Blast Portable Wire...,849,3.6
265,Yashvi toys Ultra Mini Boost Bluetooth Speaker | Pocket...,429,3.9
266,ZEBRONICS Zeb - Wonderbar 10 10 W Laptop/Desktop Speake...,799,4
267,U&i Kingdom Series 8W Wireless Speaker with 10 Hours Ba...,449,3.9
268,CIHLEX Like Dj Sound Power Boost High Sound Blast With ...,379,4.1
269,I Kall Ik888 60 W Bluetooth Home Theatre,"2,089",3.9
270,CIHYARD C-005 5 Watt Wireless Bluetooth Portable Speake...,426,4.7
271,Aroma Studio 1 Pro High Sound Quality With 6 Hours Play...,499,4
272,Oxhox FLIP 3D Blast Sound + 10 W IPX7 Waterproof Blueto...,349,3.7
273,saregama Carvaan Bengali 6 W Bluetooth Home Theatre,"6,190",4.7
274,IMPEX Mesto 5.1 100 W Bluetooth Home Theatre,"5,699",3.9
275,Aroma Studio 1 Pro High Sound Quality With 6 Hours Play...,499,4
276,ZSIV Dj Bass Bar Studio Bluetooth Soundbar Moviebar Par...,"1,044",3.9
277,boAt Aavante Bar 550 Portable Soundbar 16 w Bluetooth H...,"1,999",3.8
278,ZEBRONICS Zeb-County Built-in FM Radio Aux Input 3 W Bl...,657,4.1
279,U&i Kingdom Series 8W Wireless Speaker with 10 Hours Ba...,449,3.7
280,ZSIV DJ Wireless Rechargeable Brand New Top Selling Por...,399,3.6
281,Mivi Play 5 W Portable Bluetooth Speaker,799,4.2
282,MOTOROLA AmphisoundX with HDMI Arc 160 W Bluetooth Soun...,"7,999",4.2
283,SHOPLINE SP-T-113-SPKR1 9 W Bluetooth Speaker,349,3.7
284,JBL Pulse 4 20 W Bluetooth Speaker,"19,099",4.6
285,Megaloyalty NEW ws-04 Portable Bluetooth Speaker 5.0 Wi...,659,4
286,ZEBRONICS Zeb -Bt 6860RUCF Bluetooth Home Theatre,"4,199",3.8
287,Oxhox Flip Essential BASS Stereo With FM 10 W Bluetooth...,649,3.8
288,F FERONS Wireless WS-887 Mini Bluetooth Speaker | Super...,289,3.9
289,"ULTADOR 887 Mini Bluetooth Speaker with FM Radio, Memor...",339,4
290,p.joy p.Jbl mini bluetooth speaker best sound quality 5...,988,3.3
291,U&i Kingdom Series 8W Wireless Speaker with 10 Hours Ba...,449,3.7
292,Portronics SoundDrum P 20 W Bluetooth Speaker,"3,499",4.3
293,"KRISONS Thunder, Tower Speaker System | Bluetooth Suppo...","2,270",3.9
294,Marshall Acton II 60 W Bluetooth Speaker,"24,999",4.5
295,U&i Kingdom Series 8W Wireless Speaker with 10 Hours Ba...,449,3.7
296,CIHLEX Wireless multimidea Subwoofer Super Bass TF-card...,399,4
297,saregama Carvaan Mini SCM02 3 W Bluetooth Speaker,"2,099",4.3
298,Techobucks Sourround Sound 40 Watts Wireless Bluetooth ...,"1,499",3.9
299,U&i Sumo Series with Karaoke mic and 6 hours Battery Ba...,859,4
300,KRISONS Cylender 30 W Bluetooth Tower Speaker,"1,519",3.9
301,JBL Xtreme 3 with In-Built Powerbank Portable 50 W Blue...,"25,000",0
302,DINGLOT MINI WS – 887 Bluetooth Speaker 5 W Bluetooth S...,289,3.8
303,Zeom ®A006 10W (MZ Series) Wireless Bluetooth Portable ...,697,0
304,PHILIPS SPA5162/94 60 W Bluetooth Home Theatre,"7,199",4.1
305,CIHLEX WS-02 Mini Home Theatre HiFi Full Range Woofer L...,462,3.6
306,F FERONS Best Buy Bluetooth Speaker Mini Bluetooth Soun...,289,3.7
307,Aroma Studio 1 Pro High Sound Quality With 6 Hours Play...,499,4
308,KRISONS Polo Bluetooth Home Theatre,"2,427",3.9
309,Blaupunkt ATOMIK BB35 50 W Bluetooth Party Speaker,"3,999",4
310,Blaupunkt SBA03 100 W Bluetooth Soundbar,"5,499",4
311,Aroma Studio 1 Pro High Sound Quality With 6 Hours Play...,499,4
312,Google Nest Mini (2nd Gen) with Google Assistant with G...,"3,999",4.3
313,PHILIPS SPA8140B/94 38 W Bluetooth Home Theatre,"5,180",4.1
314,"KRISONS Rocky 8-inch Woofer, Free Wired Mic, 4 hours Pl...","1,599",0
315,U&i Kingdom Series 8W Wireless Speaker with 10 Hours Ba...,449,3.7
316,WOOS TOP SELLING Super Bass Portable Wireless Sound Box...,499,3.8
317,MOTOROLA AmphisoundX Dolby with HDMI Arc 160 W Bluetoot...,"8,699",4.3
318,Pebble Pebble Dome Black 5 W Bluetooth Speaker,999,4.1
319,INFINITY by Harman Fuze 99 4.5 W Bluetooth Speaker,"1,199",4
320,Classic CESR-COP-6605M TOWER 1st 600 W Bluetooth Tower ...,"3,269",3.9
321,ULTADOR Speaker Wireless BT Portable Speakers Powerful ...,449,4.5
322,MZ M10 (PORTABLE BLUETOOTH MINI SPEAKER) Dynamic Metal ...,549,3.7
323,SHOPLINE SP-T-113-SPKR1 9 W Bluetooth Speaker,349,3.7
324,Treadmill BEST BUY WS-02 Multimedia subwoofer home thea...,498,3.8
325,boAt Stone 500 with RGB lights 10 W Bluetooth Speaker,"1,799",3.6
326,SONY SRS-XB43 Bluetooth Speaker,"16,990",4.5
327,Oxhox Flip Essential BASS Stereo With FM 10 W Bluetooth...,649,3.8
328,mafya TG-113 Best Portable Powerful Stereo Super Bass S...,399,3.7
329,"ULTADOR TV SOUNDBAR ,HOME SOUNDBAR E-91 Super Bass Blue...","1,199",4.5
330,Terabyte TB-TB-008T 4 W Portable Laptop/Desktop Speaker,445,4
331,U&i Kingdom Series 8W Wireless Speaker with 10 Hours Ba...,449,3.7
332,ZEBRONICS Zeb- Delight 10 5 W Bluetooth Speaker,845,4.2
333,Highstairs Powerpect sound Wireless Bluetooth Super Bas...,"1,599",4
334,F&D T 200X 70 W Bluetooth Soundbar,"6,499",4.3
335,U&i Kingdom Series 8W Wireless Speaker with 10 Hours Ba...,449,3.7
336,PHILIPS SPA5190B/94 90 W Bluetooth Home Theatre,"7,940",4.1
337,AMKETTE Boomer Compact 10 W Bluetooth Soundbar,999,4
338,boAt Aavante Bar 120 W Bluetooth Soundbar,"8,199",4.4
339,U&i Sumo Series with Karaoke mic and 6 hours Battery Ba...,859,4
340,JBL GO 3 4.2 W Bluetooth Speaker,"3,699",4.3
341,PHILIPS MMS2550B/94 Dhoom 28 W Bluetooth Home Theatre,"4,130",4.2
342,CIHLEX A007 Dj Mini Speaker 3D Bass New Arrival Wireles...,674,4.7
343,Croma Party Speaker 1400 Watts Dynamic Bass Boost CREY3...,"14,990",4.2
344,Intex Beast 801 10 W Bluetooth Speaker,"1,599",4.1
345,ZEBRONICS Space Car 20 W Bluetooth Party Speaker,"2,299",4.1
346,Musify BEST BUY WS-04 Loud Stereo Sound & Rich Bass Por...,718,3.9
347,Zeom ®A006 10W (MZ Series) Wireless Bluetooth Portable ...,697,0
348,I Kall IK-2222 Bluetooth Tower Speaker,"2,374",3.7
349,ZSIV A005 PORTABLE BLUETOOTH WIRELESS DJ MINI BOOM WOOF...,436,3.9
350,Treadmill WS-02 New features Popular Arrival Wireless S...,497,3.7
351,Aroma Studio 1 Pro High Sound Quality With 6 Hours Play...,499,4
352,Qexle speaker disco ball light big trolley bt lighting ...,791,3.9
353,Panasonic SC-HT460GW-K 100 W Bluetooth Home Theatre,"7,999",4.2
354,CIHLEX E-91 Bluetooth speakers TV SOUNDBAR Original Qua...,938,0
355,Aroma Studio 1 Pro High Sound Quality With 6 Hours Play...,499,4
356,MOTOROLA AmphisoundX with HDMI Arc 80 W Bluetooth Home ...,"7,999",4
357,ZEBRONICS ZEB PEBBLE NEW Laptop/Desktop Speaker,595,4.1
358,Drezel Multifunctions Multimedia Bluetooth Mini Tower S...,"1,295",3.7
359,U&i Kingdom Series 8W Wireless Speaker with 10 Hours Ba...,449,3.7
360,Clavier Supersonic 10 W Bluetooth Speaker,"1,175",4.2
361,Portronics POR-549 ROAR 24 W Bluetooth Party Speaker,"2,799",4.4
362,"ULTADOR TV SOUNDBAR ,HOME SOUNDBAR E-91 Super Bass Blue...","1,199",4.5
363,Oxhox Flip Essential BASS Stereo With FM 10 W Bluetooth...,649,3.8
364,KRISONS Polo 7.1 |App Enabled Smart Home Theater 7.1|Bl...,"2,460",3.6
365,Treadmill BEST BUY WS-02 Multimedia subwoofer home thea...,498,3.8
366,boAt Stone 500 with RGB lights 10 W Bluetooth Speaker,"1,799",3.6
367,U&i Kingdom Series 8W Wireless Speaker with 10 Hours Ba...,449,3.7
368,CIHLEX E-91 Home theater Long Life Battery Backup Dj Sp...,949,3.9
369,MZ A006 (PORTABLE BLUETOOTH SPEAKER) 2200mAh Battery 10...,629,3.9
370,F FERONS 100% Best quality Ultra 3d bass Portable Splas...,385,5
371,U&i Sumo Series with Karaoke mic and 6 hours Battery Ba...,859,4
372,ULTADOR WS01 Dj Mini Speakers Bass New Arrival Wireless...,520,3.7
373,Croma Party Speaker 1400 Watts Dynamic Bass Boost CREY3...,"14,990",4.2
374,SONY HT-S40R 600 W Bluetooth Soundbar,"26,990",4.2
375,U&i Kingdom Series 8W Wireless Speaker with 10 Hours Ba...,449,3.9
376,Panasonic SC-HT550GW-K 150 W Bluetooth Home Theatre,"10,989",3.9
377,Portronics Dash 40 W Bluetooth Home Audio Speaker,"5,799",4.2
378,F FERONS New Offer Dual Horn Dj Sound Power boost high ...,365,3.7
379,Zeom ®A006 10W (MZ Series) Wireless Bluetooth Portable ...,697,0
380,INFINITY by Harman Fuze Pint 2.5 W Bluetooth Speaker,799,4.2
381,MOTOROLA AmphisoundX with HDMI Arc 80 W Bluetooth Home ...,"7,999",4
382,saregama Carvaan Mini SCM02 3 W Bluetooth Speaker,"2,099",4.3
383,Aroma Studio 1 Pro High Sound Quality With 6 Hours Play...,499,4
384,MOTOROLA AmphisoundX with HDMI Arc 150 W Bluetooth Home...,"11,499",4.1
385,F FERONS Best quality New Arriving Portable Splash proo...,385,4.2
386,Portronics POR-891_Pure Sound PRO-3 Speaker 10 W Blueto...,"1,799",4.2
387,Aroma Studio 1 Pro High Sound Quality With 6 Hours Play...,499,4
388,mafya 100% TOP BRAND BO.SS |3D Ultra Thunder Beat Stere...,399,4.1
389,XEWISS PLEASE DO FIRST CHARGE 20 MINUTS BEFOURE USE WS-...,524,4.3
390,realme RMV2002 100 W Bluetooth Soundbar,"6,999",4.2
391,U&i Kingdom Series 8W Wireless Speaker with 10 Hours Ba...,449,3.7
392,ZEBRONICS Space Car 20 W Bluetooth Party Speaker,"2,299",4.1
393,electrobuzz DJ TOWER 500W SPEAKER 25000 PMPO 500 W Blue...,"3,269",3.7
394,IMPEX Multimedia 5.1 (BRAVO) Bluetooth Home Theatre,"7,029",4
395,INFINITY by Harman Fuze 99 4.5 W Bluetooth Speaker,"1,199",4
396,Cubonic a005 5 W Bluetooth Speaker,449,0
397,ZEBRONICS Zeb- Delight 10 5 W Bluetooth Speaker,795,4.2
398,LEERFIE Trolley Wireless Portable Bluetooth Speaker Led...,664,4.7
399,SHOPLINE SP-T-113-SPKR4 9 W Bluetooth Speaker,379,3.7
400,ZEBRONICS Zeb- Bellow 40 8 W Bluetooth Speaker,"1,045",4.2
401,ZSIV Dj Bass Bar Studio Bluetooth Soundbar Moviebar Par...,"1,024",4
402,Qexle Bluetooth Speaker:- Multi functional wireless mus...,849,3.8
403,SHOPLINE SP-T-113-SPKR1 9 W Bluetooth Speaker,349,3.7
404,Oxhox FLIP 3D Blast Sound + 10 W IPX7 Waterproof Blueto...,399,3.7
405,Intex 2.1 Choral TUFB OS 40 W Bluetooth Home Theatre,"2,499",3.7
406,"boAt Stone 850 with ASAP Charge, upto 13 Hours Playback...","2,299",3.7
407,Oxhox Flip Essential BASS Stereo With FM 10 W Bluetooth...,649,3.8
408,Portronics Dash 11 TWS Multi Colour LED Light 40 W Blue...,"3,499",0
409,"Treadmill Multimedia Speaker with Aux Connectivity,USB ...",444,4.1
410,KRISONS Cloud Buster Speaker | Bluetooth Supporting Tow...,"2,840",4.1
411,U&i Kingdom Series 8W Wireless Speaker with 10 Hours Ba...,449,3.7
412,etmax NANO SHARK Black ET-1616 With Mic Support 35 W Bl...,999,3.7
413,TRONICA Grey Super King Series 5.1 Bluetooth Multimedia...,"2,374",3.9
414,Eccellente HT136 Bluetooth Tower Speaker,"2,297",3.9
415,U&i Sumo Series with Karaoke mic and 6 hours Battery Ba...,859,4
416,Portronics Pure Sound 1 60 W Bluetooth Soundbar,"3,329",4.2
417,JBL Professional 104 Compact Desktop Reference 60 W Blu...,"13,799",4.5
418,Panasonic SC-HTB76GW-K 100 W Bluetooth Soundbar,"6,499",4.1
419,U&i Kingdom Series 8W Wireless Speaker with 10 Hours Ba...,449,3.7
420,Zoook ZK-Twin Blaster 20 W Bluetooth Party Speaker,"1,999",4
421,Logitech Z906 1000 W Home Theatre,"25,999",4.2
422,kluzie TOP SELLING WS-03 Super Bass Portable Wireless s...,699,3.7
423,Zeom ®A006 10W (MZ Series) Wireless Bluetooth Portable ...,697,0
424,realme Cobble with Bass Radiator 5 W Bluetooth Speaker,"1,799",4.3
425,F FERONS 100% GOOD QUALITY Mini Portable Wireless Speak...,349,4
426,Musify Ws887 Mini Sound Box Wireless portable TF-card s...,299,3.7
427,SHOPLINE SP-T-113-SPKR2 9 W Bluetooth Speaker,379,3.7
428,Noise Zest 3 W Bluetooth Speaker,999,4.2
429,ZSIV Dj Mini Speaker 3D Bass New Arrival Wireless Bluet...,"1,062",3.8
430,Target TARGET TT-D5142 FM-USB-BT 5.1 Channel Multimedia...,"4,999",4.2
431,Aroma Studio 1 Pro High Sound Quality With 6 Hours Play...,499,4
432,CIHLEX New A006 100% Thunder Sound Blast Bass Double Ho...,611,0
433,"CIHLEX E-91 TV SOUNDBAR ,HOME SOUNDBAR E-91 Super Bass ...",949,3.8
434,F FERONS WS-887 Mini Bluetooth Speaker | Superb Sound Q...,289,3.8
435,U&i Kingdom Series 8W Wireless Speaker with 10 Hours Ba...,449,3.9
436,FRONY MINI BOOST SPEAER BLACK 10 W Bluetooth Laptop/Des...,454,0
437,WOOS WS-1100 40 W Bluetooth Speaker,"2,999",0
438,Portronics SoundDrum 1 10 W Bluetooth Speaker,"1,299",4.4
439,Aroma Studio 1 Pro High Sound Quality With 6 Hours Play...,499,4
440,ZEBRONICS Space Deck Pro 40 W Bluetooth Home Audio Spea...,"6,799",3.8
441,F FERONS WS-887 Mini Bluetooth Speaker | Superb Sound Q...,289,3.8
442,LOUDSY High Definition Powerful Sound Audio Extra Bass ...,"3,799",0
443,SHOPLINE SP-T-113-SPKR1 9 W Bluetooth Speaker,349,3.7
444,Portronics SoundDrum 1 10 W Bluetooth Speaker,"1,299",4.4
445,JBL Clip4 5 W Bluetooth Speaker,"4,499",4.4
446,CIHLEX A006 Powerful Thunder 3D Sound With Extra BASS P...,616,0
447,Oxhox Flip Essential BASS Stereo With FM 10 W Bluetooth...,649,3.8
448,TABARET Dj Sound Power boost high sound blast with ultr...,335,0
449,Panasonic SC-HT250GW-K 56 W Bluetooth Home Theatre,"5,499",4.2
450,Zoook ZB-ROCKER THUNDER 20 W Bluetooth Party Speaker,"1,999",4
451,U&i Kingdom Series 8W Wireless Speaker with 10 Hours Ba...,449,3.7
452,MJSparrow Wooden Bluetooth Speaker 10 W Bluetooth Speak...,449,5
453,Bose SoundLink Color Bluetooth Speaker II Portable Blue...,"11,500",4.5
454,Megaloyalty New Arriving Power boost high sound blast w...,460,4.2
455,U&i Kingdom Series 8W Wireless Speaker with 10 Hours Ba...,449,3.7
456,Flickers Jumbo ProMax 220 W Bluetooth Home Theatre,"3,690",0
457,Logitech Z120BW 2 W Laptop/Desktop Speaker,"1,249",4.3
458,Croma Party Speaker 1400 Watts Dynamic Bass Boost CREY3...,"14,990",4.2
459,U&i Sumo Series with Karaoke mic and 6 hours Battery Ba...,859,4
460,"JBL Professional NANOK3 3"" Laptop/Desktop 80 W Bluetoot...","11,999",4.1
461,DAGTUL Outdoor Party Sound Wireless Bluetooth Speaker w...,550,0
462,ATARC G-113 Premium Shockproof & Bluetooth Speaker C1 1...,480,3.8
463,Zeom ®A006 10W (MZ Series) Wireless Bluetooth Portable ...,697,0
464,JBL Professional 104 Compact Desktop Reference 60 W Blu...,"13,799",4.5
465,SAMSUNG HW-T400/XL 40 W Bluetooth Soundbar,"5,999",4.3
466,ULTADOR Wooden Wireless Bluetooth Portable Speaker with...,521,3
467,Aroma Studio 1 Pro High Sound Quality With 6 Hours Play...,499,4
468,Zoook Rocker Thunder XL 50 W Bluetooth Party Speaker,"6,299",4
469,ZSIV Dj Bass Bar Studio Bluetooth Soundbar Moviebar Par...,"1,078",4.2
470,"ZSIV A006 USB Charging, Portable, BASS drum, TF card, F...",684,3.7
471,SHOPLINE SP-T-113-SPKR2 9 W Bluetooth Speaker,379,3.7
472,Qexle Bluetooth Speaker:- Multi functional wireless mus...,849,3.8
473,Worricow Brand New X-BASS Wireless Bluetooth Portable P...,"1,549",3.9
474,Gizmore GIZ SQUAD 4150 30 W Bluetooth Home Theatre,"2,699",3.9
475,Aroma Studio 1 Pro High Sound Quality With 6 Hours Play...,499,4
476,MOTOROLA AmphisoundX with HDMI Arc 120 W Bluetooth Soun...,"6,999",4.3
477,boAt Stone 260 4 W Portable Bluetooth Speaker,"1,399",4.4
478,Worricow Cool BaSSWireless Bluetooth Portable Party Spe...,"1,499",4
479,U&i Kingdom Series 8W Wireless Speaker with 10 Hours Ba...,449,3.7
480,Blue Birds High Qulity YD-668 /FJ 668 Wireless Bluetoot...,549,3.5
481,Terabyte ELIPTIC-TB-015 1 W Laptop/Desktop Speaker,395,3.9
482,TECNIA Atom 704 Bluetooth Home Theatre,"2,890",3.8
483,Oxhox Flip Essential BASS Stereo With FM 10 W Bluetooth...,649,3.8
484,"KRISONS Genius-50 Multimedia Speaker | App Controlled, ...","2,080",3.5
485,Bencley FRIDOBLE 120 W Bluetooth Tower Speaker,"5,989",0
486,boAt Stone 190F 5 W Bluetooth Speaker,"1,299",4.4
487,U&i Kingdom Series 8W Wireless Speaker with 10 Hours Ba...,449,3.7
488,JBTEK Mini Boss Metal Speaker with TWS Function & Big B...,599,4
489,ENMORA 373_UE_BT_SPEAKER_3210_SALE_ TOP SELLING WS-03 S...,"1,490",0
490,webster Mini pocket speaker with stereo driven bass KLU...,289,3.7
491,U&i Kingdom Series 8W Wireless Speaker with 10 Hours Ba...,449,3.7
492,BUFONA Top brand wireless speaker surround home Portabl...,478,3.7
493,"boAt Stone 1350 with Upto 5 Hours Playback Time, Passiv...","3,999",3.7
494,F FERONS Flame Speaker LED Flame Torch Bluetooth Portab...,657,4.3
495,U&i Sumo Series with Karaoke mic and 6 hours Battery Ba...,859,4
496,scherzando Multimedia Speaker System AD2300 4.1 home th...,"1,749",3.6
497,STROMBUCKS Pro mini boom New Arrival 3D Boom Beat|Ultra...,448,3.6
498,F FERONS Good quality All new Portable Splash proof Blu...,349,4.2
499,Zeom ®A006 10W (MZ Series) Wireless Bluetooth Portable ...,697,0
500,Marshall Emberton 20 W Bluetooth Speaker,"14,999",0
501,DAB 8 inch Speaker Woofer 200W 200 W Tower Speaker,799,3.9
502,saregama Carvaan 2.0 Wine Gold (Champagne Gold) - Sound...,"12,990",4.3
503,U&i Kingdom Series 8W Wireless Speaker with 10 Hours Ba...,449,3.9
504,Google Home with Google Assistant Smart Speaker,"7,219",4.4
505,CREATIVE CT-Pebble V3-BK 16 W Bluetooth Laptop/Desktop ...,"3,699",4.5
506,TEQIR Powerpact Stereo Audio deep bass Portable Recharg...,429,3.9
507,Aroma Studio 1 Pro High Sound Quality With 6 Hours Play...,499,4
508,Polk Audio Signa S2 Dolby Digital with HDMI ARC 120 W B...,"14,999",4.6
509,MOTOROLA AmphisoundX with HDMI Arc 120 W Bluetooth Soun...,"8,499",4.2
510,DAGTUL Outdoor Party Sound Wireless Bluetooth Speaker w...,550,0
511,Croma Party Speaker 1400 Watts Dynamic Bass Boost CREY3...,"14,990",4.2
512,Intex 2.1 Bomb TUFB OS 86 W Bluetooth Home Theatre,"4,899",4.2
513,Bose SoundLink Color Bluetooth Speaker II Portable Blue...,"11,500",4.5
514,ZEBRONICS ZEB-JellyFish Pro 73 W Bluetooth Home Theatre,"4,287",4.1
515,Aroma Studio 1 Pro High Sound Quality With 6 Hours Play...,499,4
516,ATARC G-113 Premium Shockproof & Bluetooth Speaker C1 1...,480,3.8
517,Megaloyalty WS-04 Amplified Sound Box Mini home theatre...,659,3.7
518,TECNIA Atom 507 Bluetooth 5.1 Home Theater Mulimedia Sp...,"2,450",3.8
519,U&i Kingdom Series 8W Wireless Speaker with 10 Hours Ba...,449,3.7
520,I Kall Ik-4444 BT 7.1 Speaker Bluetooth Home Theatre,"2,374",3.6
521,DINGLOT Best Wireless Portable Multimedia Mobile/Tablet...,289,3.8
522,KRISONS Genius-400 Multimedia Speaker (5.25'' Woofer) |...,"3,799",3.8
523,Croma Party Speaker 1400 Watts Dynamic Bass Boost CREY3...,"14,990",4.2
524,Clerby Small body Big sound smart speaker Coin-Sized Al...,399,3.5
525,ZEBRONICS ZEB-ALPINE 60 W Bluetooth Home Theatre,"3,499",3.7
526,scherzando MJN-548HT Wireless Bluetooth Multimedia Spea...,"1,799",3.8
527,Oxhox Flip Essential BASS Stereo With FM 10 W Bluetooth...,649,3.8
528,IMPEX OPERA 45 W Bluetooth Home Theatre,"4,198",3.9
529,Drezel Tower Speaker Umang Series 01 80 W Model 28000 P...,"3,175",4.7
530,Treadmill MINI Home Theatre TG-143 DJ Sound box Best Pa...,749,4.4
531,U&i Kingdom Series 8W Wireless Speaker with 10 Hours Ba...,449,3.7
532,"O.SOUND MEGA BAHUBALI , 4.1 Tower Speaker (Bluetooth, U...","3,960",3.6
533,TEQIR WS01M best buy Rechargeable Amplifier Wireless Mi...,521,3.6
534,ZEBRONICS ZEB-COUNTY 3 3 W Bluetooth Speaker,659,3.9
535,U&i Kingdom Series 8W Wireless Speaker with 10 Hours Ba...,449,3.7
536,MarQ By Flipkart FS62LS 80 W Bluetooth Soundbar,"5,499",4.2
537,T-Series T-Series M4013BT 4.1 Bluetooth Multimedia Spea...,"3,030",5
538,Megaloyalty WS-04 HD sound| Splashproof| Water resistan...,659,4
539,U&i Sumo Series with Karaoke mic and 6 hours Battery Ba...,859,4
540,TECNIA Atom 507 Bluetooth 5.1 Home Theater Mulimedia Sp...,"2,450",3.8
541,Boult Audio BassBox Arc 5 W Bluetooth Speaker,999,3.7
542,JBL Professional 104 Compact Desktop Reference 60 W Blu...,"8,999",4.5
543,Zeom ®A006 10W (MZ Series) Wireless Bluetooth Portable ...,697,0
544,TECNIA Atom 1104 ST Floor Standing Tower Speaker Sound ...,"2,989",3.7
545,flix (Beetel) Tripper 31 W Bluetooth Speaker,"2,790",4.3
546,Ahuja SCM-15T 10 W Tower Speaker,"2,249",4
547,Aroma Studio 1 Pro High Sound Quality With 6 Hours Play...,499,4
548,Classic CESR 12 INCH SPEAKER SUB WOOFER 120W 120 W Car ...,"1,039",3.9
549,Panasonic SC-UA7GW-K Stylish Design with Dolby 1700 W B...,"28,999",4.6
550,"Chaebol Ultra DJ Sound Blast JBL,BOAT,MIVI,PHILIPS Blue...",399,3.7
551,Aroma Studio 1 Pro High Sound Quality With 6 Hours Play...,499,4
552,dealquick Portable Bluetooth PA Loudspeaker - 8” Subwoo...,"1,850",3.3
553,F FERONS 2021 TOP SELLING |3D sound| Splashproof| Water...,399,3.7
554,Jeteck A&O 105-flashlight Speakers/Bluetooth Speaker an...,448,4.2
555,U&i Kingdom Series 8W Wireless Speaker with 10 Hours Ba...,449,3.7
556,ULTADOR Wooden Blutooth Speaker Tf Card Mic Usb Audio M...,491,0
557,etmax NANO PLUS ET-1414 BLUETOOTH 30 W Bluetooth Home T...,949,3.6
558,I Kall IK-222 Home Theatre,"2,089",3.5
559,SHOPLINE SP-T-113-SPKR4 9 W Bluetooth Speaker,379,3.7
560,DAGTUL Multimedia Speaker YST-3502 Laptop/Desktop Speak...,"1,049",0
561,ULTADOR outdoor wooden portable blue tooth speaker with...,449,3.8
562,Techobucks Floor standing Karaoke Bluetooth Party Speak...,"1,499",3.8
563,Croma Bluetooth Speaker With Hook CRER2107 2 W Bluetoot...,699,4.2
564,SKY LOUD A51115 LIKE APKA APNA DJ SOUND SYSTEM 9500 W B...,"4,199",3.9
565,Zoook Rocker Thunder Plus 40 W Bluetooth Party Speaker,"4,499",3.8
566,ULTADOR Dj Sound Power Boost High Sound Blast With Ultr...,473,4.9
567,Croma CREMP1902sBTBB 40 W Bluetooth PA Speaker,"4,999",5
568,TECNIA Atom 504 Bluetooth 5.1 Channel Home Theatre Blue...,"2,490",3.8
569,xech Bluetooth Speaker with Phone Holder Tellivibe Max ...,899,3.9
570,Portronics Decibel 21 10 W Bluetooth Soundbar,"1,299",4
571,Oxhox Flip Essential BASS Stereo With FM 10 W Bluetooth...,649,3.8
572,Boult Audio BassBox Arc 5 W Bluetooth Speaker,999,3.7
573,PHILIPS SPA9080B/94 80 W Bluetooth Tower Speaker,"14,990",4.4
574,MARK IA-900 180 W Bluetooth Home Theatre,"4,350",5
575,JBL Moviebar 80 Dolby Digital 110 W Bluetooth Soundbar,"9,499",4.1
576,SAMSUNG MX-T40/XL 300 W Bluetooth Party Speaker 300 W B...,"15,990",4.2
577,kluzie 100% HIGH QUALITY |3D sound| Splashproof| Water ...,429,4.5
578,Panasonic SC-HT150GW-K 30 W Bluetooth Home Theatre,"3,990",4.2
579,U&i Kingdom Series 8W Wireless Speaker with 10 Hours Ba...,449,3.7
580,LEERFIE Classic Speaker with Flash Light Portable Wirel...,664,5
581,Terabyte TB-008 2 W Laptop/Desktop Speaker,499,3.5
582,Elevn Aura 2.1 80 W Bluetooth Home Theatre,"2,799",3.8
583,SHOPLINE SP-T-113-SPKR2 9 W Bluetooth Speaker,379,3.7
584,In-Foxe In-foxe DHOOM wooden audio soundbar music box T...,493,3.5
585,Onix OHT-100 5.1 Channel Multimedia Speaker System with...,"4,226",3.9
586,JBL Flip 4 16 W Portable Bluetooth Speaker,"7,999",4.4
587,U&i Kingdom Series 8W Wireless Speaker with 10 Hours Ba...,449,3.7
588,INFINITY by Harman CLUBZ 250 15 W Bluetooth Speaker,"2,499",4
589,ZEBRONICS Juke bar 3800 Pro Dolby 60 W Bluetooth Soundb...,"6,199",4.2
590,CIHLEX Mini Dj Speaker 3D Bass New Arrival Wireless Blu...,379,0
591,U&i Sumo Series with Karaoke mic and 6 hours Battery Ba...,859,4
592,Portronics Sound Pot POR 280 Portable Bluetooth Speaker...,"1,999",4.2
593,Target TARRGET TT-D5153 5.1 CHANNEL MULTIMEDIA SPEAKERS...,"2,699",3.4
594,ZEBRONICS Zeb-Sonic Bar 100 120 W Bluetooth Gaming Spea...,"7,999",4.3
595,Aroma Studio 1 Pro High Sound Quality With 6 Hours Play...,499,4
596,Onix OHT 110 BT Bluetooth Home Theatre,"5,499",4.1
597,Dee-Gee Dj Mini Speakers Bass New Arrival Wireless Blue...,450,3
598,"CIHLEX WS 887 Mini Speaker,Highsound/ 3D Bass waterproo...",284,3.8
599,Croma Party Speaker 1400 Watts Dynamic Bass Boost CREY3...,"14,990",4.2
600,Vitura awesome supprb sound buffer audio portable Bluet...,369,4.3
601,iball Boom Box BT 80 WATTS 5.1CH WOODEN REALISTIC DEEP ...,"5,800",3.7
602,Chaebol stylish look designed with ultra boost 3d like ...,"1,149",4.5
603,SHOPLINE SP-T-113-SPKR1 9 W Bluetooth Speaker,349,3.7
604,F FERONS 100% good Quality WS-887 Mini Bluetooth Speake...,289,3.7
605,TRONICA 4.1 Channel FD-101 with Remote FM USB AUX LED T...,"1,899",0
606,MZ TG-113 (PORTABLE BLUETOOTH SPEAKER) Dynamic Thunder ...,459,3.9
607,Oxhox Flip Essential BASS Stereo With FM 10 W Bluetooth...,649,3.8
608,Dotsun Dotsun Pearl 2400 W Bluetooth Tower Speaker,"2,739",3.8
609,F FERONS BEST BUY LZ-3102 Trolley Wireless Led Disco Li...,449,3.7
610,ZEBRONICS ZEB-FAME 5 W Laptop/Desktop Speaker,576,4
611,U&i Kingdom Series 8W Wireless Speaker with 10 Hours Ba...,449,3.7
612,SHOPLINE SP-T-113-SPKR4 9 W Bluetooth Speaker,379,3.7
613,TECNIA Super King 511 Bluetooth 5.1 Channel 50 W Blueto...,"2,550",3.6
614,"Lasmo A006 High Power Sound Blast, Mini, Thunder Sound ...",599,4
615,U&i Kingdom Series 8W Wireless Speaker with 10 Hours Ba...,449,3.7
616,ULTADOR Stereo dynamic sound with deep 3d bass & powerf...,398,4
617,ZEBRONICS VITA 10 W Bluetooth Speaker,"1,199",3.8
618,SEVEN R TOWER SPEAKER 5.1 CHANNEL 120 W Bluetooth Home ...,"4,599",5
619,U&i Sumo Series with Karaoke mic and 6 hours Battery Ba...,859,4
620,Elevn Aura 2.1 80 W Bluetooth Home Theatre,"2,799",3.8
621,"SEVEN R 007 HI BASS , 5.1 TOWER SPEAKER 120 W Bluetooth...","4,499",4.2
622,Barry John 1010 Multimedia Speaker 8 Ohm ( Pack of 2 ) ...,"1,305",4.3
623,Aroma Studio 1 Pro High Sound Quality With 6 Hours Play...,499,4
624,Marshall Stanmore II 80 W Bluetooth Home Theatre,"34,999",0
625,SONY SRS-NB10 56 W Bluetooth Speaker,"11,990",4.8
626,Onix OHT 110 BT Bluetooth Home Theatre,"5,499",4.1
627,U&i Kingdom Series 8W Wireless Speaker with 10 Hours Ba...,449,3.9
628,Ahuja SCM-15T 10 W Tower Speaker,"2,249",4
629,scherzando HIGH BASS QUALITY AD -546HT Wireless Bluetoo...,"1,799",3.5
630,ZEBRONICS ZEB-ALPINE 60 W Bluetooth Home Theatre,"3,499",3.7
631,Zeom ®A006 10W (MZ Series) Wireless Bluetooth Portable ...,697,0
632,Treadmill TG-113 |3D Ultra sound|Extra Baas Stereo soun...,439,3.5
633,ZEBRONICS ZEB- BT2220 10 W Bluetooth Laptop/Desktop Spe...,"1,699",3.9
634,CREATIVE SBS E2500 60 W Bluetooth Laptop/Desktop Speake...,"3,999",3.6
635,Aroma Studio 1 Pro High Sound Quality With 6 Hours Play...,499,4
636,Megaloyalty WS-04 HD sound| Splashproof| Water resistan...,659,4
637,saregama Carvaan Mini Bhakti 5 W Bluetooth Speaker,"2,290",4.1
638,ULTADOR Dj Sound Power Boost High Sound Blast With Ultr...,473,4.9
639,U&i Kingdom Series 8W Wireless Speaker with 10 Hours Ba...,449,3.7
640,Gizmore Giz MS511 10 W Bluetooth Home Audio Speaker,999,3.7
641,scherzando AD WS-03 Cool Flashing DJ Lights| 3D Loudspe...,703,5
642,Panasonic SC-HTB78GW-K 160 W Bluetooth Soundbar,"8,999",4.1
643,SHOPLINE SP-T-113-SPKR1 9 W Bluetooth Speaker,349,3.7
644,Noise Vibe 5 W Bluetooth Speaker,"1,499",4.2
645,REEPUD Bluetooth Wireless Combo Speaker With FM 15 W Bl...,"1,599",0
646,SONY MHC-V83D Bluetooth Tower Speaker,"61,990",4.8
647,Oxhox Flip Essential BASS Stereo With FM 10 W Bluetooth...,649,3.8
648,Blaupunkt SBA10F 10 W Bluetooth Soundbar,"1,199",4
649,saregama Carvaan 6 W Bluetooth Home Theatre,"6,390",4.5
650,boAt Aavante Bar 1750 with Wireless Subwoofer & Master ...,"8,999",4
651,SHOPLINE SP-T-113-SPKR2 9 W Bluetooth Speaker,379,3.7
652,Dotsun DS-991 18000 W Bluetooth Tower Speaker,"6,098",4
653,ZEBRONICS ZEB-SuperNova New 6 W Laptop/Desktop Speaker,530,4.1
654,I Kall Ik55 60 W Bluetooth Home Theatre,"2,184",4.3
655,U&i Kingdom Series 8W Wireless Speaker with 10 Hours Ba...,449,3.7
656,TRONICA super king 50 W Bluetooth Home Theatre,"2,469",3.9
657,artis Mini 2.0 USB Multimedia Speakers Portable Laptop/...,449,4.1
658,Worricow High Quality wireless Portable X Bass Home the...,749,0
659,U&i Kingdom Series 8W Wireless Speaker with 10 Hours Ba...,449,3.7
660,JBL by Harman Flip 5 20 W Bluetooth Speaker,"10,599",4.3
661,"BUY SURETY YD-668 /FJ 668 Wireless Speaker,HD Audio, US...",549,3.3
662,"Blackzone X1 Boom, 25W Portable Bluetooth Speaker with ...","1,650",4.2
663,U&i Sumo Series with Karaoke mic and 6 hours Battery Ba...,859,4
664,Galaxy Mini Bahubali G-1008 10 W Bluetooth Tower Speake...,"1,493",3.5
665,TEQIR Portable music Audio Player waterproof speaker fa...,465,3.8
666,artis BT36 16 W Bluetooth Speaker,"1,699",3.6
667,Aroma Studio 1 Pro High Sound Quality With 6 Hours Play...,499,4
668,Webilla LED Music Light Bulb | B-22 led Bulb with Bluet...,449,0
669,XEWISS PLEASE DO FIRST CHARGE 20 MINUTS BEFOURE USE WS-...,524,4.4
670,DINGLOT High sound Portable Multimedia Speaker with FM ...,289,0
671,Zeom ®A006 10W (MZ Series) Wireless Bluetooth Portable ...,697,0
672,KRISONS Cyclone 6” Double Woofer Multi-Media Bluetooth ...,"4,749",0
673,etmax NANO SHARK GOLD Bluetooth 35 W Bluetooth Home The...,949,3.8
674,BAGATELLE BEST BUY WS-02 |3D Thunder Beat sound| Splash...,499,0
675,Aroma Studio 1 Pro High Sound Quality With 6 Hours Play...,499,4
676,JBL Professional Control1 Pro Passive System 150 W Stud...,"9,999",3.6
677,Onix OHT 350 150 W Bluetooth Home Theatre,"8,739",4.1
678,Target TARGET TT-D5109 FM-USB-BT PMPO : 32500 WATTS RMS...,"3,599",4.2
679,U&i Kingdom Series 8W Wireless Speaker with 10 Hours Ba...,449,3.7
680,Borneo Top Selling bkhq-6 10 W Bluetooth Speaker,475,4.1
681,SHOPAIS Spoy Wireless Mini Bluetooth Speaker Multicolor...,399,5
682,U&i Pickup Series 10W Bluetooth Soundbar with 6 Hours B...,999,4.1
683,Oxhox Flip Essential BASS Stereo With FM 10 W Bluetooth...,649,3.8
684,Techobucks Best Karaoke Singing Bluetooth Wireless Spea...,"1,499",3.9
685,Aroma Studio 17 High Sound Quality with 10 Hours playin...,483,3.7
686,JBL Charge 4 IPX7 with In-Built Powerbank 30 W Portable...,"14,999",4.2
687,U&i Kingdom Series 8W Wireless Speaker with 10 Hours Ba...,449,3.7
688,Zoook ZK-Melody Bar 24 W Bluetooth Party Speaker,"1,999",4.3
689,F FERONS Dual Horn Dj Sound Power boost high sound blas...,339,3.8
690,Portronics POR-719 iLUMI Portable LED Lamp 3 W Bluetoot...,"1,699",4.4
691,U&i Kingdom Series 8W Wireless Speaker with 10 Hours Ba...,449,3.7
692,TABARET Dj Sound Power boost high sound blast with ultr...,335,0
693,JBL Clip4 5 W Bluetooth Speaker,"4,499",4.4
694,AMKETTE Trubeats BoomerFX Plus 12 W Portable Bluetooth ...,"2,299",4.1
695,U&i Sumo Series with Karaoke mic and 6 hours Battery Ba...,859,4
696,Megaloyalty New Arriving Power boost high sound blast w...,460,4.2
697,"wazny A005 Light Blue High Power Sound Blast, Mini, Thu...",349,3.9
698,Portronics Decibel 21 10 W Bluetooth Soundbar,"1,299",4
699,Aroma Studio 1 Pro High Sound Quality With 6 Hours Play...,499,4
700,IMPEX BLUE ROCK PLUS with WIRED MIC Connectivity 140 W ...,"7,884",3.9
701,etmax NANO PLUS ET-1414 BLUETOOTH 30 W Bluetooth Home T...,949,3.6
702,Blaupunkt SBA60 Standalone 60 W Bluetooth Soundbar,"3,699",4
703,Croma Party Speaker 1400 Watts Dynamic Bass Boost CREY3...,"14,990",4.2
704,F FERONS High Bass WS-887 Mini Bluetooth Speaker | Supe...,289,3.8
705,F FERONS 2021 TOP SELLING LZ-4104 Wireless Led Disco Li...,749,3.7
706,DINGLOT MINI HOME THEATRE PARTY LIGHT SPEAKER BEAT BLAS...,289,3.3
707,U&i Kingdom Series 8W Wireless Speaker with 10 Hours Ba...,449,3.9
708,F&D E200+ 5 W Portable Bluetooth Laptop/Desktop Speaker,"2,199",4.1
709,JBL XTREME 2 Portable Bluetooth Speaker,"17,449",4.2
710,saregama Carvaan 6 W Bluetooth Home Theatre,"6,390",4.5
711,Zeom ®A006 10W (MZ Series) Wireless Bluetooth Portable ...,697,0
712,Classic CESR 6 INCH SPEAKER SUB WOOFER 50W 120 W Tower ...,497,3.8
713,Portronics Sound Pot POR 280 Portable Bluetooth Speaker...,"1,999",4.2
714,9 CORE COMMANDO 1 200 W Bluetooth Home Theatre,"3,440",3.3
715,Aroma Studio 1 Pro High Sound Quality With 6 Hours Play...,499,4
716,Backspace best buy Rechargeable Amplifier Wireless Micr...,749,3.9
717,DAB 8 inch Speaker Woofer 200W Home Theater or Column R...,599,3.7
718,scherzando MJ-2300 4.1 home theater with inbuilt Amplif...,"1,749",3.5
719,U&i Kingdom Series 8W Wireless Speaker with 10 Hours Ba...,449,3.7
720,scherzando MJ-2300 4.1 home theater with inbuilt Amplif...,"1,749",3.5
721,LG LK72BE XBOOM 40 W Bluetooth Home Theatre,"4,299",4.2
722,iball Thunder 4.1 60 W Bluetooth Home Theatre,"3,245",4
723,U&i Kingdom Series 8W Wireless Speaker with 10 Hours Ba...,449,3.7
724,Mi Smart Speaker With Google Assistant,"3,999",4.1
725,Alchiko S-208 New Collection Wireless Portable Super Po...,399,4
726,Oxhox MEGA BASS Stereo SoundDrum With FM 10 W Bluetooth...,399,3.8
727,U&i Kingdom Series 8W Wireless Speaker with 10 Hours Ba...,449,3.7
728,SYARA OHH_666J_LZ 4104||WS-04|| Karaoke Speaker With Mi...,689,3.3
729,Mi Smart Speaker (Google assistant) and Mi Smart color ...,"7,498",4.1
730,ZEBRONICS Zeb-Vita Plus 16 W Bluetooth Laptop/Desktop S...,"1,399",4.1
731,U&i Sumo Series with Karaoke mic and 6 hours Battery Ba...,859,4
732,BERITONE 11500 WATT Multimedia Tower Speakers System (B...,"3,499",4.2
733,ZSIV Like Dj Sound Power Boost High Sound Blast With Ul...,425,4.4
734,Bose SoundLink Color Bluetooth Speaker II Portable Blue...,"11,500",4.5
735,Aroma Studio 1 Pro High Sound Quality With 6 Hours Play...,499,4
736,IMPEX 5.1 (FUSION) 140 W Portable Bluetooth Home Theatr...,"8,976",4.1
737,Mivi Octave 3 Wireless with 360 HD Stereo Sound Portabl...,"1,799",3.7
738,HighBoy Thunder Sound Mini Home theatre Powerpact Stere...,549,3.7
739,SHOPLINE SP-T-113-SPKR4 9 W Bluetooth Speaker,379,3.7
740,Target D5134 115 W Bluetooth Home Theatre,"2,799",0
741,Sulfur Powerpact Stereo Audio deep bass Portable Rechar...,449,3.8
742,Oxhox FLIP 3D Blast Sound + 10 W IPX7 Waterproof Blueto...,399,3.7
743,Zeom ®A006 10W (MZ Series) Wireless Bluetooth Portable ...,697,0
744,IKALL IK-222 Multimedia 5.1 Speaker System with Bluetoo...,"2,089",3.6
745,saregama Carvaan Tamil 6 W Bluetooth Home Theatre,"5,990",4.4
746,"palco sound system PLC500 Rechargeable Bluetooth,AUX,FM...",979,3.8
747,Aroma Studio 1 Pro High Sound Quality With 6 Hours Play...,499,4
748,WHISTLE9 New Arrival Wireless Bluetooth Speaker for car...,529,3.8
749,Elista Pearl 4.1 AUTFB 60 W Bluetooth Home Theatre,"2,749",3.2
750,IMPEX Rhyme 20 W Bluetooth Home Theatre,"2,990",4
751,U&i Kingdom Series 8W Wireless Speaker with 10 Hours Ba...,449,3.7
752,Mivi Roam2 5 W Bluetooth Speaker,"1,199",4.3
753,Target TARGET TT-D231 FM-UM-BT PMPO 12500 RMS 70 WATTS ...,"1,999",3.1
754,"Google Nest Hub (2nd gen), Display with Google Assistan...","7,999",4.5
755,ATARC 311 Premium Shockproof & Bluetooth Speaker Red 10...,461,3.9
756,SAMSUNG HW-A670/XL Dolby Digital 5.1 510 W Bluetooth So...,"34,073",4.3
757,Portronics POR-545 Breeze Plus 20 W Bluetooth Speaker,"2,299",4.1
758,SONY SRS-XB23 Bluetooth Speaker,"9,015",4.1
759,INFINITY by Harman Fuze 99 4.5 W Bluetooth Speaker,"1,199",4
760,Portronics POR-545 Breeze Plus 20 W Bluetooth Speaker,"2,299",4.1
761,etmax QUBE SERIES ET-4002 55 W Bluetooth Speaker,"1,299",4.1
762,realme Cobble with Bass Radiator 5 w Bluetooth Speaker,"1,799",4.3
763,SHOPLINE SP-T-113-SPKR1 9 W Bluetooth Speaker,349,3.7
764,ZEBRONICS Supernova New Laptop/Desktop Speaker,649,4.2
765,Megaloyalty 100% Best Quality WS-887 Mini Bluetooth Spe...,350,3.6
766,Google Home Mini with Google Assistant Smart Speaker,"2,949",4.4
767,SHOPLINE SP-T-113-SPKR2 9 W Bluetooth Speaker,379,3.7
768,Megaloyalty A005 162 Black Portable Wireless Bluetooth ...,489,4
769,Sulfur mini home theater system amplifier with NBS-14 w...,375,3.9
770,Oxhox Flip Essential BASS Stereo With FM 10 W Bluetooth...,649,3.8
771,U&i Kingdom Series 8W Wireless Speaker with 10 Hours Ba...,449,3.7
772,iball Thunder 4.1 60 W Bluetooth Home Theatre,"3,245",4
773,T-Series TR-S6 Portable Wireless Bluetooth Speaker with...,"4,740",3.8
774,Terabyte ELIPTIC TB-015 4 W Laptop/Desktop Speaker,388,4
775,U&i Kingdom Series 8W Wireless Speaker with 10 Hours Ba...,449,3.7
776,ULTADOR Wooden Bluetooth Speaker Extra Bass Portable St...,470,0
777,Frontech Multimedia Speaker USB sw-0036 3 W Laptop/Desk...,372,3.1
778,ZEBRONICS ZEB - County 2 3 W Bluetooth Speaker,549,4
779,U&i Sumo Series with Karaoke mic and 6 hours Battery Ba...,859,4
780,ZSIV WS-01 Mini Home Theatre HiFi Full Range Woofer Lou...,521,3.8
781,Mivi Octave 3 Wireless with 360 HD Stereo Sound Portabl...,"1,799",3.7
782,MZ M21 (PORTABLE HOME TV SOUNDBAR) Dynamic Thunder Soun...,939,0
783,SHOPLINE SP-T-113-SPKR4 9 W Bluetooth Speaker,379,3.7
784,F FERONS Top Selling Portable Rechargeable Wireless Mul...,799,4.3
785,DAGTUL Best Multimedia HD Thunder Beat Sound System Sub...,550,3.9
786,"KRISONS Swag Tower Speaker With Wired Mic| Bluetooth ,U...","3,090",0
787,Zeom ®A006 10W (MZ Series) Wireless Bluetooth Portable ...,697,0
788,REEPUD Bluetooth Wireless Combo Speaker With FM 15 W Bl...,"1,599",0
789,JBL Flip 4 16 W Portable Bluetooth Speaker,"7,999",4.4
790,ULTADOR wholesale Wooden Bluetooth Speaker SoundBar Sub...,470,0
791,U&i Kingdom Series 8W Wireless Speaker with 10 Hours Ba...,449,3.9
792,O.SOUND MINI BAHUBALI Tower Speaker,"1,290",3.5
793,Zoook Rocker Herculean Pro 200 Watt Bluetooth Party Spe...,"15,999",4
794,ZSIV DJ sound Speakers Box Perfect Music for home audio...,493,3.8
795,Aroma Studio 1 Pro High Sound Quality With 6 Hours Play...,499,4
796,Techobucks New Arrival TG113 Super Deep Bass Splashproo...,335,3.6
797,JBL Professional Control1 Pro Passive System 150 W Stud...,"9,999",3.6
798,wazny Wireless Bluetooth Soundbar Speaker with TWS Conn...,940,4
799,Croma Party Speaker 1400 Watts Dynamic Bass Boost CREY3...,"14,990",4.2
800,Gizmore GIZ SURROUND 5150 50 W Bluetooth Home Theatre,"3,299",3.9
801,saregama Carvaan Mini Kids 5 W Bluetooth Speaker,"2,990",4.5
802,ALPINO Thar Flash | RGB Light | SD/FM/AUX/USB/Mic Suppo...,999,4
803,Oxhox Flip Essential BASS Stereo With FM 10 W Bluetooth...,649,3.8
804,TEQIR WS-03 Ultra DJ Sound Blast Portable Best with Sup...,730,4
805,Sulfur Trolley speaker Powerful Sound with Thumping Bas...,399,4.2
806,ZSIV A006 Portable Bluetooth Speaker with DJ Light USB/...,706,4
807,U&i Kingdom Series 8W Wireless Speaker with 10 Hours Ba...,449,3.7
808,Zoook ZK-Melody Bar 24 W Bluetooth Party Speaker,"1,999",4.3
809,shd Super Ultra Mini Boost 3 Watt input Truly Wireless ...,498,0
810,KDM SP 667 5 W Bluetooth Speaker,949,4.1
811,U&i Kingdom Series 8W Wireless Speaker with 10 Hours Ba...,449,3.7
812,saregama Carvaan Marathi 6 W Bluetooth Home Theatre,"5,990",4.5
813,ULTADOR Wireless Charger for Mobile Phone HIFI 3D Dual ...,549,0
814,KDM FORMULA 1 5 W Bluetooth Gaming Speaker,680,0
815,U&i Sumo Series with Karaoke mic and 6 hours Battery Ba...,859,4
816,TRONICA cowin 7.1 60 W Bluetooth Home Theatre,"2,743",3.6
817,Marshall Uxbridge 20 W Bluetooth Speaker,"21,999",4.1
818,Cubonic a005 5 W Bluetooth Speaker,449,0
819,SHOPLINE SP-T-113-SPKR4 9 W Bluetooth Speaker,379,3.7
820,etmax Arrow Series 6'' Subwoofer ET-6404 BT 200 W Bluet...,"3,990",3.3
821,ATSolutions Led Bulb with Bluetooth Speaker Music Light...,349,4.6
822,SAMSUNG HW-S61A/XL with built in Subwoofer 200 W Blueto...,"21,990",3.8
823,Aroma Studio 1 Pro High Sound Quality With 6 Hours Play...,499,4
824,Bose Soundlink Micro Portable Bluetooth Speaker,"8,990",4.7
825,Blaupunkt BT-52 BK 10 Watt Bluetooth Speaker,"1,399",4.2
826,IMPEX Vibrato 5.1 Multimedia System USB SD FM Playback ...,"12,499",3.8
827,Zeom ®A006 10W (MZ Series) Wireless Bluetooth Portable ...,697,0
828,F FERONS Top Selling Portable Rechargeable Wireless Mul...,799,4.3
829,Techobucks New Arrival TG113 Super Deep Bass Splashproo...,335,3.6
830,Bose TV Bluetooth Soundbar,"26,900",4.3
831,Aroma Studio 1 Pro High Sound Quality With 6 Hours Play...,499,4
832,Vemax Grace 5.1 Bluetooth Multimedia Home Theater Syste...,"2,289",0
833,"I Kall BT-102 Bluetooth Speaker 10W with Bass, Multiple...",999,0
834,JBL Flip 4 16 W Portable Bluetooth Speaker,"7,999",4.4
835,U&i Kingdom Series 8W Wireless Speaker with 10 Hours Ba...,449,3.7
836,Bose 500 Soundbar Subwoofer Bass Module Home Theatre,"33,900",4.7
837,TECNIA Tecnia Atom 1106 ST 60 W Bluetooth Tower Speaker,"3,199",4.1
838,Worricow Speakers Bluetooth Speaker With Handheld Karao...,699,3.4
839,INFINITY by Harman Fuze 99 4.5 W Bluetooth Speaker,"1,199",4
840,VEKIN Wireless Portable Bluetooth Speaker Supported Blu...,799,3.9
841,OUD OD-BT-404-B13 10 W Bluetooth Soundbar,"1,395",0
842,F FERONS A005 Mini Portable Wireless Speaker HiFi Stere...,425,4
843,Oxhox Flip Essential BASS Stereo With FM 10 W Bluetooth...,649,3.8
844,saregama Carvaan Mini Rabindrasangeet SCM04 5 W Bluetoo...,"2,090",4.6
845,PHAGQU Mini Home Theatre dj party BT speakers with Mult...,512,3.2
846,Boult Audio BassBox Arc 5 W Bluetooth Speaker,999,3.7
847,U&i Kingdom Series 8W Wireless Speaker with 10 Hours Ba...,449,3.7
848,ZEBRONICS ZEB - County 2 3 W Bluetooth Speaker,549,4
849,XEWISS original 7w music bulb Music bulb bluetooth spea...,331,2
850,9 CORE JUMBO PLUS + 200 W Bluetooth Home Theatre,"3,999",3.9
851,U&i Kingdom Series 8W Wireless Speaker with 10 Hours Ba...,449,3.7
852,"CIHLEX E-91 TV SOUNDBAR ,HOME SOUNDBAR Original Quality...",949,4.1
853,Soundcore by Anker Flare 12 W Bluetooth Party Speaker,"3,999",4.4
854,world voice Bluetooth speaker Led Light subwoofer sound...,975,3.3
855,U&i Sumo Series with Karaoke mic and 6 hours Battery Ba...,859,4
856,ZEBRONICS Sound Feast 50 14 W Bluetooth Speaker,"1,779",4
857,ShowX Home theater 4.1 channel Multimedia Speaker 25000...,"1,694",3.3
858,Dulcet DC-CS6X 6.5 inch 10W Ceiling Speaker 10 W PA Spe...,789,3.4
859,Aroma Studio 1 Pro High Sound Quality With 6 Hours Play...,499,4
860,KRISONS NEXON Bluetooth Home Theatre,"2,080",3.8
861,KRISONS Red blast 7.1 Multimedia Speaker |App Controlle...,"2,460",3.6
862,ULTADOR Wireless Charger for Mobile Phone HIFI 3D Dual ...,549,0
863,Zeom ®A006 10W (MZ Series) Wireless Bluetooth Portable ...,697,0
864,RPMSD profesional 4'' home theatr 12 W Bluetooth Home T...,"2,048",4
865,Target TARGET TT-D5182 FM-USB-BT PMPO : 44500 WATTS RMS...,"5,499",0
866,Sunnybuy CL-671 1 W Bluetooth Soundbar,449,3.7
867,U&i Kingdom Series 8W Wireless Speaker with 10 Hours Ba...,449,3.9
868,CIHLEX E-91 Long Life Battery Backup Dj Speakers Bass N...,999,3.8
869,Highstairs Sound |Deep Bass | |Disco Light |Wireless Sp...,"1,599",3.8
870,Noise Vibe 5 W Bluetooth Speaker,"1,499",4.2
871,SHOPLINE SP-T-113-SPKR4 9 W Bluetooth Speaker,379,3.7
872,Dilurban Top Ratting Super Bass DJ Sound Quality Crysta...,528,3.5
873,ZEBRONICS ZEB-ACTION 10 W Bluetooth Speaker,"1,099",4
874,ZEBRONICS delight 3 W Bluetooth Speaker,620,3.9
875,Aroma Studio 1 Pro High Sound Quality With 6 Hours Play...,499,4
876,Soundcore by Anker Rave 160 W Bluetooth Party Speaker,"18,999",4.4
877,SHOPLINE SP-T-113-SPKR2 9 W Bluetooth Speaker,379,3.7
878,F&D W26 12 W Bluetooth Speaker,"1,899",4
879,U&i Kingdom Series 8W Wireless Speaker with 10 Hours Ba...,449,3.7
880,iball SoundKing i3 4.1 35 W Bluetooth Home Theatre,"4,000",3.9
881,TECNIA Super King Series Bluetooth 5.1 Home Theater Mul...,"2,490",3.7
882,TRONICA FD-201 25 W Bluetooth Home Audio Speaker,"1,756",3.4
883,Oxhox Flip Essential BASS Stereo With FM 10 W Bluetooth...,649,3.8
884,SHOPLINE SP-T-113-SPKR2 9 W Bluetooth Speaker,379,3.7
885,Highstairs Deep Bass HD Sound Karaoke Bluetooth Wireles...,"1,599",4
886,saregama Carvaan Mini Gurbani SCM04 5 W Bluetooth Speak...,"2,099",4.4
887,U&i Kingdom Series 8W Wireless Speaker with 10 Hours Ba...,449,3.7
888,Oxhox MEGA BASS Stereo SoundDrum With FM 10 W Bluetooth...,399,3.8
889,LG LK72BE XBOOM 40 W Bluetooth Home Theatre,"4,299",4.2
890,PHILIPS MMS2200B/94 100 W Bluetooth Party Speaker,"8,990",4.3
891,U&i Kingdom Series 8W Wireless Speaker with 10 Hours Ba...,449,3.7
892,INFINITY by Harman Fuze 99 4.5 W Bluetooth Speaker,"1,199",4
893,Marshall Stanmore II 80 W Bluetooth Speaker,"34,999",4.6
894,KRISONS Zeven Bluetooth Home Theatre,"2,460",3.8
895,U&i Sumo Series with Karaoke mic and 6 hours Battery Ba...,859,4
896,Worricow 40 Watts Wireless Bluetooth Trolley Speaker wi...,"1,599",0
897,JBL Commercial Work From Home Bundle with Microphone & ...,"6,499",4.4
898,Ubon GBT-17A GABBAR SERIES 10 W Bluetooth Speaker,"1,899",4
899,SHOPLINE SP-T-113-SPKR4 9 W Bluetooth Speaker,379,3.7
900,Panasonic SC-HT260GW-K 80 W Bluetooth Soundbar,"7,843",0
901,balajicomunication mini boost 2 10 W Bluetooth Speaker,496,3.4
902,Portronics Dash 40 W Bluetooth Home Audio Speaker,"5,799",4.2
903,Aroma Studio 1 Pro High Sound Quality With 6 Hours Play...,499,4
904,Target TARGET TT-D5182 FM-USB-BT PMPO : 44500 WATTS RMS...,"5,499",0
905,LG SP8A 440 RMS Bluetooth Soundbar,"47,999",0
906,DAB 5 inch Black Speaker Woofer 72x15 for Column / Towe...,299,3.9
907,Zeom ®A006 10W (MZ Series) Wireless Bluetooth Portable ...,697,0
908,Bose 700 Bluetooth Soundbar,"79,000",4.5
909,ZEBRONICS ZEB-S990 Laptop/Desktop Speaker,499,3.7
910,artis Mini Portable Laptop/Desktop Speaker,449,4.1
911,Croma Party Speaker 1400 Watts Dynamic Bass Boost CREY3...,"14,990",4.2
912,KH Speaker (Sound Box) 70 watts (7RMS) Bluetooth Speake...,"4,190",4.8
913,TECNIA Super King 510 Bluetooth 5.1 Home Theater System...,"2,550",3.7
914,ZEBRONICS Juke bar 5000 pro 120 W Bluetooth Soundbar,"7,999",4.3
915,Aroma Studio 1 Pro High Sound Quality With 6 Hours Play...,499,4
916,T-Series T-series TR-8V Professional Audio Mobile Ampli...,"4,265",0
917,ALTEC LANSING AL-3003A 50 W Bluetooth Home Theatre,"3,990",3.5
918,LG OK55 XBOOM 500 W Bluetooth Party Speaker,"29,999",4.3
919,U&i Kingdom Series 8W Wireless Speaker with 10 Hours Ba...,449,3.7
920,Clavier Atom Ultra Premium Bluetooth 5 W Bluetooth Spea...,819,3.9
921,CIHLEX A006 High Power Sound Super Bass & Wireless Blue...,616,4.2
922,ZEBRONICS ZEB-WARRIOR 10 W Laptop/Desktop Speaker (Blac...,828,4.5
923,Oxhox Flip Essential BASS Stereo With FM 10 W Bluetooth...,649,3.8
924,TEQIR Wooden Speakers with Rich Bass Experience for Mul...,549,3.8
925,T-Series M4003BT 4.1 Bluetooth Multimedia Speaker Syste...,"4,075",4.1
926,"I Kall BT-102 Bluetooth Speaker 10W with Bass, Multiple...",999,0
927,U&i Kingdom Series 8W Wireless Speaker with 10 Hours Ba...,449,3.7
928,Worricow Trendy Bluetooth Speaker With Handheld Karaoke...,699,4.5
929,"mafya Best Karaoke Speaker Thunder High Bass Power,Dj L...",799,0
930,IMPEX Vibrato 5.1 Multimedia System USB SD FM Playback ...,"12,499",3.8
931,SHOPLINE SP-T-113-SPKR2 9 W Bluetooth Speaker,379,3.7
932,realme Pocket Speaker with Bass Radiator 3 W Bluetooth ...,"1,099",4.2
933,SONY SRS-XB23 Bluetooth Speaker,"8,990",4.1
934,"boAt Stone 1200F with upto 9 Hours Battery, IPX7 and RG...","3,999",4.2
935,U&i Kingdom Series 8W Wireless Speaker with 10 Hours Ba...,449,3.7
936,Blaupunkt SBW25 100 W Bluetooth Soundbar,"5,999",3.7
937,WHISTLE9 New Arrival Wireless Bluetooth Speaker for car...,529,3.8
938,Portronics Plugs POR 141/Plugs Portable Sound system wi...,"1,099",4.2
939,U&i Sumo Series with Karaoke mic and 6 hours Battery Ba...,859,4
940,Target TARGET TT-D5191 FM-UM-BT PMPO : 25000 WATTS RMS ...,"2,999",0
941,Highstairs Deep Bass HD Sound Karaoke Bluetooth Wireles...,"1,599",4
942,Oliver Systems Limited OS-Xplode Portable Voice Amplifi...,"2,850",4.1
943,Aroma Studio 1 Pro High Sound Quality With 6 Hours Play...,499,4
944,Gizmore GIZ SURROUND 5150 50 W Bluetooth Home Theatre,"3,299",3.9
945,BLUELEX Multi-Function Bluetooth Karaoke Mic with Speak...,899,0
946,BUY SURETY Bluetooth Speaker 3D Sound Stereo Bass Wirel...,679,3.9
947,Zeom ®A006 10W (MZ Series) Wireless Bluetooth Portable ...,697,0
948,saregama Carvaan 6 W Bluetooth Home Theatre,"6,390",4.5
949,saregama carvaan 6 W Bluetooth Home Audio Speaker,"6,390",4.5
950,LOUDSY NEW Clear Dynamic Quality HD sound powerful Bass...,"3,789",0
951,U&i Kingdom Series 8W Wireless Speaker with 10 Hours Ba...,449,3.9
952,LG Sp11ra 770 W Bluetooth Soundbar,"82,616",0
953,Intex Multimedia Speaker T-300 Max 30 W Bluetooth Party...,"12,999",0
954,scherzando JM-8478 4.1 BLUETOOTH HOME THEATER 60 W Blue...,"1,799",0
955,Croma Party Speaker 1400 Watts Dynamic Bass Boost CREY3...,"14,990",4.2
956,saregama Carvaan Mini Gurbani SCM04 5 W Bluetooth Speak...,"2,590",4.4
957,ZEBRONICS ZEB-SPACE DECK PRO 40 W Bluetooth Tower Speak...,"7,399",0
958,F&D T-70X 160 W Bluetooth Tower Speaker,"16,999",4.3
959,Aroma Studio 1 Pro High Sound Quality With 6 Hours Play...,499,4
960,JBL Flip 4 16 W Portable Bluetooth Speaker,"7,999",4.4
961,9 CORE HT-BT-1011 BASS SOUND KA BAAP 9 W Bluetooth Home...,"3,999",3.5
962,CIHYARD Bluetooth Speaker Power boost high sound blast ...,474,4
963,Oxhox Flip Essential BASS Stereo With FM 10 W Bluetooth...,649,3.8
964,ZEBRONICS ZEB-SPACE DECK PRO 40 W Bluetooth Tower Speak...,"7,399",0
965,SYARA IYF_726N_LZ 4103||WS-03|| Karaoke Speaker With Mi...,699,0
966,"Target TARGET TT-K1720 FM-UMB WITH 5.25"" SUBWOOFERS 45 ...","3,999",4
967,U&i Kingdom Series 8W Wireless Speaker with 10 Hours Ba...,449,3.7
968,Ahuja Ceiling Speaker CS-6081T 6 W Home Theatre,"1,390",3.4
969,I Kall IK007 Tower Speaker 80 W Bluetooth Tower Speaker,"3,749",0
970,XEWISS branded original top sellingCool Bass Powered Sp...,997,4.1
971,Aroma Studio 1 Pro High Sound Quality With 6 Hours Play...,499,4
972,Gizmore Giz Trio 2112 Pro 30 W Bluetooth Home Theatre,"1,999",3.7
973,Lenovo Smart Display with Google Assistant Smart Speake...,"10,990",4.2
974,JBL GO3 4.2 W Bluetooth Speaker,"3,499",4.3
975,U&i Kingdom Series 8W Wireless Speaker with 10 Hours Ba...,449,3.7
976,HP DHS-2101 2 W Laptop/Desktop Speaker,"1,790",4.2
977,Aroma Studio 39 High Sound Quality With 6 Hours Playing...,999,4
978,Soundcore by Anker Motion Q 16 W Bluetooth Speaker,"3,499",4
979,U&i Sumo Series with Karaoke mic and 6 hours Battery Ba...,859,4
980,XEWISS original RGB Music bulb 04 bluetooth speaker wit...,347,3.9
981,Marshall Woburn II 110 W Bluetooth Speaker,"49,999",4.6
982,Wanzhow Wireless Bluetooth speaker compatible With all ...,499,0
983,SHOPLINE SP-T-113-SPKR4 9 W Bluetooth Speaker,379,3.7
984,Target TARGET TT-D5161 5.1 MULTIMEDIA SPEAKERS 155 WATT...,"3,399",0
985,AUTO STAR AS-10-8400-PRSP 100 W Bluetooth Party Speaker,"11,400",0
986,"ULTADOR TV SOUNDBAR ,HOME SOUNDBAR Latest Smart Bluetoo...",999,3.8
987,Zeom ®A006 10W (MZ Series) Wireless Bluetooth Portable ...,697,0
988,Portronics POR-780 PureSound Plus 6 W Portable Bluetoot...,"1,795",4.1
989,DKUY Mini Boost 4 Bluetooth Speaker Music Splash Proof ...,988,3.6
990,Worricow Upgraded Version Latest KBK-4011 Ultra 3D Soun...,549,3.5
991,Croma Party Speaker 1400 Watts Dynamic Bass Boost CREY3...,"14,990",4.2
992,Frontech SW-0059 USB Powered 3 W Laptop/Desktop Speaker,199,3.9
993,SONY SRS-NB10 56 W Bluetooth Speaker,"11,990",4.8
994,Intex Beast 101 Plus 5 W Bluetooth Speaker,899,4
995,Aroma Studio 1 Pro High Sound Quality With 6 Hours Play...,499,4
996,"Barry John Muzik Tower Speaker with AUX, USB, Bluetooth...","2,205",0
997,T-Series M-4444BT 4.1 Channel Bluetooth Multimedia Spea...,"4,740",4.1
998,Zoook Rocker Thunder Pro 30 W Bluetooth Party Speaker,"3,499",4
999,U&i Kingdom Series 8W Wireless Speaker with 10 Hours Ba...,449,3.7
